id,hullIds,name,paintjobFamily,spriteId,unlockedAutomatically,tags,unlockConditions,description
diableavionics_dra_arbitrator,diableavionics_arbitrator,DRA,DRA,graphics/DRA/ships/arbitrator/diableavionics_arbitrator.png,true,,,
diableavionics_lilium_arbitrator,diableavionics_arbitrator,Lilium,lilium,graphics/lilium/ships/arbitrator/diableavionics_arbitrator.png,true,,,
diableavionics_ornate_arbitrator,diableavionics_arbitrator,Ornate,ornate,graphics/ornate/ships/arbitrator/diableavionics_arbitrator.png,true,,,
diableavionics_royalblue_arbitrator,diableavionics_arbitrator,Royal Blue,royalblue,graphics/royalblue/ships/arbitrator/diableavionics_arbitrator.png,true,,,
diableavionics_snowblast_arbitrator,diableavionics_arbitrator,Snowblast,snowblast,graphics/snowblast/ships/arbitrator/diableavionics_arbitrator.png,true,,,
diableavionics_sunrise_arbitrator,diableavionics_arbitrator,Sunrise,sunrise,graphics/sunrise/ships/arbitrator/diableavionics_arbitrator.png,true,,,
diableavionics_dra_arbitratorZ,diableavionics_arbitratorZ,DRA,DRA,graphics/DRA/ships/arbitrator/diableavionics_arbitratorZ.png,true,,,
diableavionics_lilium_arbitratorZ,diableavionics_arbitratorZ,Lilium,lilium,graphics/lilium/ships/arbitrator/diableavionics_arbitratorZ.png,true,,,
diableavionics_ornate_arbitratorZ,diableavionics_arbitratorZ,Ornate,ornate,graphics/ornate/ships/arbitrator/diableavionics_arbitratorZ.png,true,,,
diableavionics_royalblue_arbitratorZ,diableavionics_arbitratorZ,Royal Blue,royalblue,graphics/royalblue/ships/arbitrator/diableavionics_arbitratorZ.png,true,,,
diableavionics_snowblast_arbitratorZ,diableavionics_arbitratorZ,Snowblast,snowblast,graphics/snowblast/ships/arbitrator/diableavionics_arbitratorZ.png,true,,,
diableavionics_sunrise_arbitratorZ,diableavionics_arbitratorZ,Sunrise,sunrise,graphics/sunrise/ships/arbitrator/diableavionics_arbitratorZ.png,true,,,
diableavionics_dra_avalanche,diableavionics_avalanche,DRA,DRA,graphics/DRA/ships/avalanche/diableavionics_avalanche_body.png,true,,,
diableavionics_lilium_avalanche,diableavionics_avalanche,Lilium,lilium,graphics/lilium/ships/avalanche/diableavionics_avalanche_body.png,true,,,
diableavionics_ornate_avalanche,diableavionics_avalanche,Ornate,ornate,graphics/ornate/ships/avalanche/diableavionics_avalanche_body.png,true,,,
diableavionics_royalblue_avalanche,diableavionics_avalanche,Royal Blue,royalblue,graphics/royalblue/ships/avalanche/diableavionics_avalanche_body.png,true,,,
diableavionics_snowblast_avalanche,diableavionics_avalanche,Snowblast,snowblast,graphics/snowblast/ships/avalanche/diableavionics_avalanche_body.png,true,,,
diableavionics_sunrise_avalanche,diableavionics_avalanche,Sunrise,sunrise,graphics/sunrise/ships/avalanche/diableavionics_avalanche_body.png,true,,,
diableavionics_dra_blizzaia,diableavionics_blizzaia,DRA,DRA,graphics/DRA/ships/blizzaia/diableavionics_blizzaia_body.png,true,,,
diableavionics_lilium_blizzaia,diableavionics_blizzaia,Lilium,lilium,graphics/lilium/ships/blizzaia/diableavionics_blizzaia_body.png,true,,,
diableavionics_ornate_blizzaia,diableavionics_blizzaia,Ornate,ornate,graphics/ornate/ships/blizzaia/diableavionics_blizzaia_body.png,true,,,
diableavionics_royalblue_blizzaia,diableavionics_blizzaia,Royal Blue,royalblue,graphics/royalblue/ships/blizzaia/diableavionics_blizzaia_body.png,true,,,
diableavionics_snowblast_blizzaia,diableavionics_blizzaia,Snowblast,snowblast,graphics/snowblast/ships/blizzaia/diableavionics_blizzaia_body.png,true,,,
diableavionics_sunrise_blizzaia,diableavionics_blizzaia,Sunrise,sunrise,graphics/sunrise/ships/blizzaia/diableavionics_blizzaia_body.png,true,,,
diableavionics_battlehardened_calm,diableavionics_calm,Battle Hardened,battlehardened,graphics/battlehardened/ships/diableavionics_calm_deck.png,true,,,
diableavionics_battleworn_calm,diableavionics_calm,Battleworn,battleworn,graphics/battleworn/ships/diableavionics_calm_deck.png,true,,,
diableavionics_dra_calm,diableavionics_calm,DRA,DRA,graphics/DRA/ships/diableavionics_calm_deck.png,true,,,
diableavionics_twilightsworn_calm,diableavionics_calm,Twilightsworn,twilightsworn,graphics/twilightsworn/ships/diableavionics_calm_deck.png,true,,,
diableavionics_lilium_calm,diableavionics_calm,Lilium,lilium,graphics/lilium/ships/diableavionics_calm_deck.png,true,,,
diableavionics_navy_calm,diableavionics_calm,Navy,navy,graphics/navy/ships/diableavionics_calm_deck.png,true,,,
diableavionics_ornate_calm,diableavionics_calm,Ornate,ornate,graphics/ornate/ships/diableavionics_calm_deck.png,true,,,
diableavionics_rosenritter_calm,diableavionics_calm,Rosenritter,rosenritter,graphics/rosenritter/ships/diableavionics_calm_deck.png,true,,,
diableavionics_royalblue_calm,diableavionics_calm,Royal Blue,royalblue,graphics/royalblue/ships/diableavionics_calm_deck.png,true,,,
diableavionics_snowblast_calm,diableavionics_calm,Snowblast,snowblast,graphics/snowblast/ships/diableavionics_calm_deck.png,true,,,
diableavionics_stripeless_calm,diableavionics_calm,Stripeless,stripeless,graphics/stripeless/ships/diableavionics_calm_deck.png,true,,,
diableavionics_sunrise_calm,diableavionics_calm,Sunrise,sunrise,graphics/sunrise/ships/diableavionics_calm_deck.png,true,,,
diableavionics_battlehardened_chinook,diableavionics_chinook,Battle Hardened,battlehardened,graphics/battlehardened/ships/diableavionics_chinook.png,true,,,
diableavionics_battleworn_chinook,diableavionics_chinook,Battleworn,battleworn,graphics/battleworn/ships/diableavionics_chinook.png,true,,,
diableavionics_dra_chinook,diableavionics_chinook,DRA,DRA,graphics/DRA/ships/diableavionics_chinook.png,true,,,
diableavionics_twilightsworn_chinook,diableavionics_chinook,Twilightsworn,twilightsworn,graphics/twilightsworn/ships/diableavionics_chinook.png,true,,,
diableavionics_lilium_chinook,diableavionics_chinook,Lilium,lilium,graphics/lilium/ships/diableavionics_chinook.png,true,,,
diableavionics_navy_chinook,diableavionics_chinook,Navy,navy,graphics/navy/ships/diableavionics_chinook.png,true,,,
diableavionics_ornate_chinook,diableavionics_chinook,Ornate,ornate,graphics/ornate/ships/diableavionics_chinook.png,true,,,
diableavionics_rosenritter_chinook,diableavionics_chinook,Rosenritter,rosenritter,graphics/rosenritter/ships/diableavionics_chinook.png,true,,,
diableavionics_royalblue_chinook,diableavionics_chinook,Royal Blue,royalblue,graphics/royalblue/ships/diableavionics_chinook.png,true,,,
diableavionics_snowblast_chinook,diableavionics_chinook,Snowblast,snowblast,graphics/snowblast/ships/diableavionics_chinook.png,true,,,
diableavionics_stripeless_chinook,diableavionics_chinook,Stripeless,stripeless,graphics/stripeless/ships/diableavionics_chinook.png,true,,,
diableavionics_sunrise_chinook,diableavionics_chinook,Sunrise,sunrise,graphics/sunrise/ships/diableavionics_chinook.png,true,,,
diableavionics_battlehardened_cirrus,diableavionics_cirrus,Battle Hardened,battlehardened,graphics/battlehardened/ships/diableavionics_cirrus.png,true,,,
diableavionics_battleworn_cirrus,diableavionics_cirrus,Battleworn,battleworn,graphics/battleworn/ships/diableavionics_cirrus.png,true,,,
diableavionics_dra_cirrus,diableavionics_cirrus,DRA,DRA,graphics/DRA/ships/diableavionics_cirrus.png,true,,,
diableavionics_twilightsworn_cirrus,diableavionics_cirrus,Twilightsworn,twilightsworn,graphics/twilightsworn/ships/diableavionics_cirrus.png,true,,,
diableavionics_lilium_cirrus,diableavionics_cirrus,Lilium,lilium,graphics/lilium/ships/diableavionics_cirrus.png,true,,,
diableavionics_navy_cirrus,diableavionics_cirrus,Navy,navy,graphics/navy/ships/diableavionics_cirrus.png,true,,,
diableavionics_ornate_cirrus,diableavionics_cirrus,Ornate,ornate,graphics/ornate/ships/diableavionics_cirrus.png,true,,,
diableavionics_rosenritter_cirrus,diableavionics_cirrus,Rosenritter,rosenritter,graphics/rosenritter/ships/diableavionics_cirrus.png,true,,,
diableavionics_royalblue_cirrus,diableavionics_cirrus,Royal Blue,royalblue,graphics/royalblue/ships/diableavionics_cirrus.png,true,,,
diableavionics_snowblast_cirrus,diableavionics_cirrus,Snowblast,snowblast,graphics/snowblast/ships/diableavionics_cirrus.png,true,,,
diableavionics_stripeless_cirrus,diableavionics_cirrus,Stripeless,stripeless,graphics/stripeless/ships/diableavionics_cirrus.png,true,,,
diableavionics_sunrise_cirrus,diableavionics_cirrus,Sunrise,sunrise,graphics/sunrise/ships/diableavionics_cirrus.png,true,,,
diableavionics_battlehardened_daze,diableavionics_daze,Battle Hardened,battlehardened,graphics/battlehardened/ships/diableavionics_daze.png,true,,,
diableavionics_battleworn_daze,diableavionics_daze,Battleworn,battleworn,graphics/battleworn/ships/diableavionics_daze.png,true,,,
diableavionics_dra_daze,diableavionics_daze,DRA,DRA,graphics/DRA/ships/diableavionics_daze.png,true,,,
diableavionics_twilightsworn_daze,diableavionics_daze,Twilightsworn,twilightsworn,graphics/twilightsworn/ships/diableavionics_daze.png,true,,,
diableavionics_lilium_daze,diableavionics_daze,Lilium,lilium,graphics/lilium/ships/diableavionics_daze.png,true,,,
diableavionics_navy_daze,diableavionics_daze,Navy,navy,graphics/navy/ships/diableavionics_daze.png,true,,,
diableavionics_ornate_daze,diableavionics_daze,Ornate,ornate,graphics/ornate/ships/diableavionics_daze.png,true,,,
diableavionics_rosenritter_daze,diableavionics_daze,Rosenritter,rosenritter,graphics/rosenritter/ships/diableavionics_daze.png,true,,,
diableavionics_royalblue_daze,diableavionics_daze,Royal Blue,royalblue,graphics/royalblue/ships/diableavionics_daze.png,true,,,
diableavionics_snowblast_daze,diableavionics_daze,Snowblast,snowblast,graphics/snowblast/ships/diableavionics_daze.png,true,,,
diableavionics_stripeless_daze,diableavionics_daze,Stripeless,stripeless,graphics/stripeless/ships/diableavionics_daze.png,true,,,
diableavionics_sunrise_daze,diableavionics_daze,Sunrise,sunrise,graphics/sunrise/ships/diableavionics_daze.png,true,,,
diableavionics_battlehardened_derecho,diableavionics_derecho,Battle Hardened,battlehardened,graphics/battlehardened/ships/diableavionics_derecho.png,true,,,
diableavionics_battleworn_derecho,diableavionics_derecho,Battleworn,battleworn,graphics/battleworn/ships/diableavionics_derecho.png,true,,,
diableavionics_dra_derecho,diableavionics_derecho,DRA,DRA,graphics/DRA/ships/diableavionics_derecho.png,true,,,
diableavionics_twilightsworn_derecho,diableavionics_derecho,Twilightsworn,twilightsworn,graphics/twilightsworn/ships/diableavionics_derecho.png,true,,,
diableavionics_lilium_derecho,diableavionics_derecho,Lilium,lilium,graphics/lilium/ships/diableavionics_derecho.png,true,,,
diableavionics_navy_derecho,diableavionics_derecho,Navy,navy,graphics/navy/ships/diableavionics_derecho.png,true,,,
diableavionics_ornate_derecho,diableavionics_derecho,Ornate,ornate,graphics/ornate/ships/diableavionics_derecho.png,true,,,
diableavionics_rosenritter_derecho,diableavionics_derecho,Rosenritter,rosenritter,graphics/rosenritter/ships/diableavionics_derecho.png,true,,,
diableavionics_royalblue_derecho,diableavionics_derecho,Royal Blue,royalblue,graphics/royalblue/ships/diableavionics_derecho.png,true,,,
diableavionics_snowblast_derecho,diableavionics_derecho,Snowblast,snowblast,graphics/snowblast/ships/diableavionics_derecho.png,true,,,
diableavionics_stripeless_derecho,diableavionics_derecho,Stripeless,stripeless,graphics/stripeless/ships/diableavionics_derecho.png,true,,,
diableavionics_sunrise_derecho,diableavionics_derecho,Sunrise,sunrise,graphics/sunrise/ships/diableavionics_derecho.png,true,,,
diableavionics_battlehardened_draft,diableavionics_draft,Battle Hardened,battlehardened,graphics/battlehardened/ships/diableavionics_draft.png,true,,,
diableavionics_battleworn_draft,diableavionics_draft,Battleworn,battleworn,graphics/battleworn/ships/diableavionics_draft.png,true,,,
diableavionics_dra_draft,diableavionics_draft,DRA,DRA,graphics/DRA/ships/diableavionics_draft.png,true,,,
diableavionics_twilightsworn_draft,diableavionics_draft,Twilightsworn,twilightsworn,graphics/twilightsworn/ships/diableavionics_draft.png,true,,,
diableavionics_lilium_draft,diableavionics_draft,Lilium,lilium,graphics/lilium/ships/diableavionics_draft.png,true,,,
diableavionics_navy_draft,diableavionics_draft,Navy,navy,graphics/navy/ships/diableavionics_draft.png,true,,,
diableavionics_ornate_draft,diableavionics_draft,Ornate,ornate,graphics/ornate/ships/diableavionics_draft.png,true,,,
diableavionics_rosenritter_draft,diableavionics_draft,Rosenritter,rosenritter,graphics/rosenritter/ships/diableavionics_draft.png,true,,,
diableavionics_royalblue_draft,diableavionics_draft,Royal Blue,royalblue,graphics/royalblue/ships/diableavionics_draft.png,true,,,
diableavionics_snowblast_draft,diableavionics_draft,Snowblast,snowblast,graphics/snowblast/ships/diableavionics_draft.png,true,,,
diableavionics_stripeless_draft,diableavionics_draft,Stripeless,stripeless,graphics/stripeless/ships/diableavionics_draft.png,true,,,
diableavionics_sunrise_draft,diableavionics_draft,Sunrise,sunrise,graphics/sunrise/ships/diableavionics_draft.png,true,,,
diableavionics_battlehardened_draftarmormodule,diableavionics_draftarmormodule,Battle Hardened,battlehardened,graphics/battlehardened/ships/diableavionics_draftarmor.png,true,,,
diableavionics_battleworn_draftarmormodule,diableavionics_draftarmormodule,Battleworn,battleworn,graphics/battleworn/ships/diableavionics_draftarmor.png,true,,,
diableavionics_dra_draftarmormodule,diableavionics_draftarmormodule,DRA,DRA,graphics/DRA/ships/diableavionics_draftarmor.png,true,,,
diableavionics_twilightsworn_draftarmormodule,diableavionics_draftarmormodule,Twilightsworn,twilightsworn,graphics/twilightsworn/ships/diableavionics_draftarmor.png,true,,,
diableavionics_lilium_draftarmormodule,diableavionics_draftarmormodule,Lilium,lilium,graphics/lilium/ships/diableavionics_draftarmor.png,true,,,
diableavionics_navy_draftarmormodule,diableavionics_draftarmormodule,Navy,navy,graphics/navy/ships/diableavionics_draftarmor.png,true,,,
diableavionics_ornate_draftarmormodule,diableavionics_draftarmormodule,Ornate,ornate,graphics/ornate/ships/diableavionics_draftarmor.png,true,,,
diableavionics_rosenritter_draftarmormodule,diableavionics_draftarmormodule,Rosenritter,rosenritter,graphics/rosenritter/ships/diableavionics_draftarmor.png,true,,,
diableavionics_royalblue_draftarmormodule,diableavionics_draftarmormodule,Royal Blue,royalblue,graphics/royalblue/ships/diableavionics_draftarmor.png,true,,,
diableavionics_snowblast_draftarmormodule,diableavionics_draftarmormodule,Snowblast,snowblast,graphics/snowblast/ships/diableavionics_draftarmor.png,true,,,
diableavionics_stripeless_draftarmormodule,diableavionics_draftarmormodule,Stripeless,stripeless,graphics/stripeless/ships/diableavionics_draftarmor.png,true,,,
diableavionics_sunrise_draftarmormodule,diableavionics_draftarmormodule,Sunrise,sunrise,graphics/sunrise/ships/diableavionics_draftarmor.png,true,,,
diableavionics_battlehardened_fractus,diableavionics_fractus,Battle Hardened,battlehardened,graphics/battlehardened/ships/diableavionics_fractus.png,true,,,
diableavionics_battleworn_fractus,diableavionics_fractus,Battleworn,battleworn,graphics/battleworn/ships/diableavionics_fractus.png,true,,,
diableavionics_dra_fractus,diableavionics_fractus,DRA,DRA,graphics/DRA/ships/diableavionics_fractus.png,true,,,
diableavionics_twilightsworn_fractus,diableavionics_fractus,Twilightsworn,twilightsworn,graphics/twilightsworn/ships/diableavionics_fractus.png,true,,,
diableavionics_lilium_fractus,diableavionics_fractus,Lilium,lilium,graphics/lilium/ships/diableavionics_fractus.png,true,,,
diableavionics_navy_fractus,diableavionics_fractus,Navy,navy,graphics/navy/ships/diableavionics_fractus.png,true,,,
diableavionics_ornate_fractus,diableavionics_fractus,Ornate,ornate,graphics/ornate/ships/diableavionics_fractus.png,true,,,
diableavionics_rosenritter_fractus,diableavionics_fractus,Rosenritter,rosenritter,graphics/rosenritter/ships/diableavionics_fractus.png,true,,,
diableavionics_royalblue_fractus,diableavionics_fractus,Royal Blue,royalblue,graphics/royalblue/ships/diableavionics_fractus.png,true,,,
diableavionics_snowblast_fractus,diableavionics_fractus,Snowblast,snowblast,graphics/snowblast/ships/diableavionics_fractus.png,true,,,
diableavionics_stripeless_fractus,diableavionics_fractus,Stripeless,stripeless,graphics/stripeless/ships/diableavionics_fractus.png,true,,,
diableavionics_sunrise_fractus,diableavionics_fractus,Sunrise,sunrise,graphics/sunrise/ships/diableavionics_fractus.png,true,,,
diableavionics_dra_frost,diableavionics_frost,DRA,DRA,graphics/DRA/ships/frost/diableavionics_frost_body.png,true,,,
diableavionics_lilium_frost,diableavionics_frost,Lilium,lilium,graphics/lilium/ships/frost/diableavionics_frost_body.png,true,,,
diableavionics_ornate_frost,diableavionics_frost,Ornate,ornate,graphics/ornate/ships/frost/diableavionics_frost_body.png,true,,,
diableavionics_royalblue_frost,diableavionics_frost,Royal Blue,royalblue,graphics/royalblue/ships/frost/diableavionics_frost_body.png,true,,,
diableavionics_snowblast_frost,diableavionics_frost,Snowblast,snowblast,graphics/snowblast/ships/frost/diableavionics_frost_body.png,true,,,
diableavionics_sunrise_frost,diableavionics_frost,Sunrise,sunrise,graphics/sunrise/ships/frost/diableavionics_frost_body.png,true,,,
diableavionics_battlehardened_gust,diableavionics_gust,Battle Hardened,battlehardened,graphics/battlehardened/ships/diableavionics_gust.png,true,,,
diableavionics_battleworn_gust,diableavionics_gust,Battleworn,battleworn,graphics/battleworn/ships/diableavionics_gust.png,true,,,
diableavionics_dra_gust,diableavionics_gust,DRA,DRA,graphics/DRA/ships/diableavionics_gust.png,true,,,
diableavionics_twilightsworn_gust,diableavionics_gust,Twilightsworn,twilightsworn,graphics/twilightsworn/ships/diableavionics_gust.png,true,,,
diableavionics_lilium_gust,diableavionics_gust,Lilium,lilium,graphics/lilium/ships/diableavionics_gust.png,true,,,
diableavionics_navy_gust,diableavionics_gust,Navy,navy,graphics/navy/ships/diableavionics_gust.png,true,,,
diableavionics_ornate_gust,diableavionics_gust,Ornate,ornate,graphics/ornate/ships/diableavionics_gust.png,true,,,
diableavionics_rosenritter_gust,diableavionics_gust,Rosenritter,rosenritter,graphics/rosenritter/ships/diableavionics_gust.png,true,,,
diableavionics_royalblue_gust,diableavionics_gust,Royal Blue,royalblue,graphics/royalblue/ships/diableavionics_gust.png,true,,,
diableavionics_snowblast_gust,diableavionics_gust,Snowblast,snowblast,graphics/snowblast/ships/diableavionics_gust.png,true,,,
diableavionics_stripeless_gust,diableavionics_gust,Stripeless,stripeless,graphics/stripeless/ships/diableavionics_gust.png,true,,,
diableavionics_sunrise_gust,diableavionics_gust,Sunrise,sunrise,graphics/sunrise/ships/diableavionics_gust.png,true,,,
diableavionics_battlehardened_hayle,diableavionics_hayle,Battle Hardened,battlehardened,graphics/battlehardened/ships/diableavionics_hayle.png,true,,,
diableavionics_battleworn_hayle,diableavionics_hayle,Battleworn,battleworn,graphics/battleworn/ships/diableavionics_hayle.png,true,,,
diableavionics_dra_hayle,diableavionics_hayle,DRA,DRA,graphics/DRA/ships/diableavionics_hayle.png,true,,,
diableavionics_twilightsworn_hayle,diableavionics_hayle,Twilightsworn,twilightsworn,graphics/twilightsworn/ships/diableavionics_hayle.png,true,,,
diableavionics_lilium_hayle,diableavionics_hayle,Lilium,lilium,graphics/lilium/ships/diableavionics_hayle.png,true,,,
diableavionics_navy_hayle,diableavionics_hayle,Navy,navy,graphics/navy/ships/diableavionics_hayle.png,true,,,
diableavionics_ornate_hayle,diableavionics_hayle,Ornate,ornate,graphics/ornate/ships/diableavionics_hayle.png,true,,,
diableavionics_rosenritter_hayle,diableavionics_hayle,Rosenritter,rosenritter,graphics/rosenritter/ships/diableavionics_hayle.png,true,,,
diableavionics_royalblue_hayle,diableavionics_hayle,Royal Blue,royalblue,graphics/royalblue/ships/diableavionics_hayle.png,true,,,
diableavionics_snowblast_hayle,diableavionics_hayle,Snowblast,snowblast,graphics/snowblast/ships/diableavionics_hayle.png,true,,,
diableavionics_stripeless_hayle,diableavionics_hayle,Stripeless,stripeless,graphics/stripeless/ships/diableavionics_hayle.png,true,,,
diableavionics_sunrise_hayle,diableavionics_hayle,Sunrise,sunrise,graphics/sunrise/ships/diableavionics_hayle.png,true,,,
diableavionics_battlehardened_haze,diableavionics_haze,Battle Hardened,battlehardened,graphics/battlehardened/ships/diableavionics_haze.png,true,,,
diableavionics_battleworn_haze,diableavionics_haze,Battleworn,battleworn,graphics/battleworn/ships/diableavionics_haze.png,true,,,
diableavionics_dra_haze,diableavionics_haze,DRA,DRA,graphics/DRA/ships/diableavionics_haze.png,true,,,
diableavionics_twilightsworn_haze,diableavionics_haze,Twilightsworn,twilightsworn,graphics/twilightsworn/ships/diableavionics_haze.png,true,,,
diableavionics_lilium_haze,diableavionics_haze,Lilium,lilium,graphics/lilium/ships/diableavionics_haze.png,true,,,
diableavionics_navy_haze,diableavionics_haze,Navy,navy,graphics/navy/ships/diableavionics_haze.png,true,,,
diableavionics_ornate_haze,diableavionics_haze,Ornate,ornate,graphics/ornate/ships/diableavionics_haze.png,true,,,
diableavionics_rosenritter_haze,diableavionics_haze,Rosenritter,rosenritter,graphics/rosenritter/ships/diableavionics_haze.png,true,,,
diableavionics_royalblue_haze,diableavionics_haze,Royal Blue,royalblue,graphics/royalblue/ships/diableavionics_haze.png,true,,,
diableavionics_snowblast_haze,diableavionics_haze,Snowblast,snowblast,graphics/snowblast/ships/diableavionics_haze.png,true,,,
diableavionics_stripeless_haze,diableavionics_haze,Stripeless,stripeless,graphics/stripeless/ships/diableavionics_haze.png,true,,,
diableavionics_sunrise_haze,diableavionics_haze,Sunrise,sunrise,graphics/sunrise/ships/diableavionics_haze.png,true,,,
diableavionics_dra_hoar,diableavionics_hoar,DRA,DRA,graphics/DRA/ships/hoar/diableavionics_hoar_body.png,true,,,
diableavionics_lilium_hoar,diableavionics_hoar,Lilium,lilium,graphics/lilium/ships/hoar/diableavionics_hoar_body.png,true,,,
diableavionics_royalblue_hoar,diableavionics_hoar,Royal Blue,royalblue,graphics/royalblue/ships/hoar/diableavionics_hoar_body.png,true,,,
diableavionics_snowblast_hoar,diableavionics_hoar,Snowblast,snowblast,graphics/snowblast/ships/hoar/diableavionics_hoar_body.png,true,,,
diableavionics_sunrise_hoar,diableavionics_hoar,Sunrise,sunrise,graphics/sunrise/ships/hoar/diableavionics_hoar_body.png,true,,,
diableavionics_battlehardened_IBBgulf,diableavionics_IBBgulf,Battle Hardened,battlehardened,graphics/battlehardened/ships/gulf/diableavionics_IBBgulf.png,true,,,
diableavionics_dra_IBBgulf,diableavionics_IBBgulf,DRA,DRA,graphics/DRA/ships/gulf/diableavionics_IBBgulf.png,true,,,
diableavionics_twilightsworn_IBBgulf,diableavionics_IBBgulf,Twilightsworn,twilightsworn,graphics/twilightsworn/ships/gulf/diableavionics_IBBgulf.png,true,,,
diableavionics_lilium_IBBgulf,diableavionics_IBBgulf,Lilium,lilium,graphics/lilium/ships/gulf/diableavionics_IBBgulf.png,true,,,
diableavionics_navy_IBBgulf,diableavionics_IBBgulf,Navy,navy,graphics/navy/ships/gulf/diableavionics_IBBgulf.png,true,,,
diableavionics_ornate_IBBgulf,diableavionics_IBBgulf,Ornate,ornate,graphics/ornate/ships/gulf/diableavionics_IBBgulf.png,true,,,
diableavionics_rosenritter_IBBgulf,diableavionics_IBBgulf,Rosenritter,rosenritter,graphics/rosenritter/ships/gulf/diableavionics_IBBgulf.png,true,,,
diableavionics_royalblue_IBBgulf,diableavionics_IBBgulf,Royal Blue,royalblue,graphics/royalblue/ships/gulf/diableavionics_IBBgulf.png,true,,,
diableavionics_snowblast_IBBgulf,diableavionics_IBBgulf,Snowblast,snowblast,graphics/snowblast/ships/gulf/diableavionics_IBBgulf.png,true,,,
diableavionics_stripeless_IBBgulf,diableavionics_IBBgulf,Stripeless,stripeless,graphics/stripeless/ships/gulf/diableavionics_IBBgulf.png,true,,,
diableavionics_sunrise_IBBgulf,diableavionics_IBBgulf,Sunrise,sunrise,graphics/sunrise/ships/gulf/diableavionics_IBBgulf.png,true,,,
diableavionics_battlehardened_laminar,diableavionics_laminar,Battle Hardened,battlehardened,graphics/battlehardened/ships/diableavionics_laminar.png,true,,,
diableavionics_battleworn_laminar,diableavionics_laminar,Battleworn,battleworn,graphics/battleworn/ships/diableavionics_laminar.png,true,,,
diableavionics_dra_laminar,diableavionics_laminar,DRA,DRA,graphics/DRA/ships/diableavionics_laminar.png,true,,,
diableavionics_twilightsworn_laminar,diableavionics_laminar,Twilightsworn,twilightsworn,graphics/twilightsworn/ships/diableavionics_laminar.png,true,,,
diableavionics_lilium_laminar,diableavionics_laminar,Lilium,lilium,graphics/lilium/ships/diableavionics_laminar.png,true,,,
diableavionics_navy_laminar,diableavionics_laminar,Navy,navy,graphics/navy/ships/diableavionics_laminar.png,true,,,
diableavionics_ornate_laminar,diableavionics_laminar,Ornate,ornate,graphics/ornate/ships/diableavionics_laminar.png,true,,,
diableavionics_rosenritter_laminar,diableavionics_laminar,Rosenritter,rosenritter,graphics/rosenritter/ships/diableavionics_laminar.png,true,,,
diableavionics_royalblue_laminar,diableavionics_laminar,Royal Blue,royalblue,graphics/royalblue/ships/diableavionics_laminar.png,true,,,
diableavionics_snowblast_laminar,diableavionics_laminar,Snowblast,snowblast,graphics/snowblast/ships/diableavionics_laminar.png,true,,,
diableavionics_stripeless_laminar,diableavionics_laminar,Stripeless,stripeless,graphics/stripeless/ships/diableavionics_laminar.png,true,,,
diableavionics_sunrise_laminar,diableavionics_laminar,Sunrise,sunrise,graphics/sunrise/ships/diableavionics_laminar.png,true,,,
diableavionics_battlehardened_maelstrom,diableavionics_maelstrom,Battle Hardened,battlehardened,graphics/battlehardened/ships/diableavionics_maelstrom.png,true,,,
diableavionics_battleworn_maelstrom,diableavionics_maelstrom,Battleworn,battleworn,graphics/battleworn/ships/diableavionics_maelstrom.png,true,,,
diableavionics_dra_maelstrom,diableavionics_maelstrom,DRA,DRA,graphics/DRA/ships/diableavionics_maelstrom.png,true,,,
diableavionics_twilightsworn_maelstrom,diableavionics_maelstrom,Twilightsworn,twilightsworn,graphics/twilightsworn/ships/diableavionics_maelstrom.png,true,,,
diableavionics_lilium_maelstrom,diableavionics_maelstrom,Lilium,lilium,graphics/lilium/ships/diableavionics_maelstrom.png,true,,,
diableavionics_navy_maelstrom,diableavionics_maelstrom,Navy,navy,graphics/navy/ships/diableavionics_maelstrom.png,true,,,
diableavionics_ornate_maelstrom,diableavionics_maelstrom,Ornate,ornate,graphics/ornate/ships/diableavionics_maelstrom.png,true,,,
diableavionics_rosenritter_maelstrom,diableavionics_maelstrom,Rosenritter,rosenritter,graphics/rosenritter/ships/diableavionics_maelstrom.png,true,,,
diableavionics_royalblue_maelstrom,diableavionics_maelstrom,Royal Blue,royalblue,graphics/royalblue/ships/diableavionics_maelstrom.png,true,,,
diableavionics_snowblast_maelstrom,diableavionics_maelstrom,Snowblast,snowblast,graphics/snowblast/ships/diableavionics_maelstrom.png,true,,,
diableavionics_stripeless_maelstrom,diableavionics_maelstrom,Stripeless,stripeless,graphics/stripeless/ships/diableavionics_maelstrom.png,true,,,
diableavionics_sunrise_maelstrom,diableavionics_maelstrom,Sunrise,sunrise,graphics/sunrise/ships/diableavionics_maelstrom.png,true,,,
diableavionics_battlehardened_miniGust,diableavionics_miniGust,Battle Hardened,battlehardened,graphics/battlehardened/ships/diableavionics_minigust.png,true,,,
diableavionics_battleworn_miniGust,diableavionics_miniGust,Battleworn,battleworn,graphics/battleworn/ships/diableavionics_minigust.png,true,,,
diableavionics_dra_miniGust,diableavionics_miniGust,DRA,DRA,graphics/DRA/ships/diableavionics_minigust.png,true,,,
diableavionics_twilightsworn_miniGust,diableavionics_miniGust,Twilightsworn,twilightsworn,graphics/twilightsworn/ships/diableavionics_minigust.png,true,,,
diableavionics_lilium_miniGust,diableavionics_miniGust,Lilium,lilium,graphics/lilium/ships/diableavionics_minigust.png,true,,,
diableavionics_navy_miniGust,diableavionics_miniGust,Navy,navy,graphics/navy/ships/diableavionics_minigust.png,true,,,
diableavionics_ornate_miniGust,diableavionics_miniGust,Ornate,ornate,graphics/ornate/ships/diableavionics_minigust.png,true,,,
diableavionics_rosenritter_miniGust,diableavionics_miniGust,Rosenritter,rosenritter,graphics/rosenritter/ships/diableavionics_minigust.png,true,,,
diableavionics_royalblue_miniGust,diableavionics_miniGust,Royal Blue,royalblue,graphics/royalblue/ships/diableavionics_minigust.png,true,,,
diableavionics_snowblast_miniGust,diableavionics_miniGust,Snowblast,snowblast,graphics/snowblast/ships/diableavionics_minigust.png,true,,,
diableavionics_stripeless_miniGust,diableavionics_miniGust,Stripeless,stripeless,graphics/stripeless/ships/diableavionics_minigust.png,true,,,
diableavionics_sunrise_miniGust,diableavionics_miniGust,Sunrise,sunrise,graphics/sunrise/ships/diableavionics_minigust.png,true,,,
diableavionics_stripeless_module_attack,diableavionics_module_attack,Stripeless,stripeless,graphics/stripeless/ships/station/diableavionics_station_attack.png,true,,,
diableavionics_stripeless_module_defense,diableavionics_module_defense,Stripeless,stripeless,graphics/stripeless/ships/station/diableavionics_station_defense.png,true,,,
diableavionics_stripeless_module_ecm,diableavionics_module_ecm,Stripeless,stripeless,graphics/stripeless/ships/station/diableavionics_station_ecm.png,true,,,
diableavionics_stripeless_module_fighter,diableavionics_module_fighter,Stripeless,stripeless,graphics/stripeless/ships/station/diableavionics_station_fighter.png,true,,,
diableavionics_stripeless_module_lightAttack,diableavionics_module_lightAttack,Stripeless,stripeless,graphics/stripeless/ships/station/diableavionics_station_lightAttack.png,true,,,
diableavionics_stripeless_module_missile,diableavionics_module_missile,Stripeless,stripeless,graphics/stripeless/ships/station/diableavionics_station_missile.png,true,,,
diableavionics_stripeless_module_tip,diableavionics_module_tip,Stripeless,stripeless,graphics/stripeless/ships/station/diableavionics_station_bastion.png,true,,,
diableavionics_stripeless_module_wanzer,diableavionics_module_wanzer,Stripeless,stripeless,graphics/stripeless/ships/station/diableavionics_station_wanzer.png,true,,,
diableavionics_battlehardened_pandemonium,diableavionics_pandemonium,Battle Hardened,battlehardened,graphics/battlehardened/ships/diableavionics_pandemonium.png,true,,,
diableavionics_battleworn_pandemonium,diableavionics_pandemonium,Battleworn,battleworn,graphics/battleworn/ships/diableavionics_pandemonium.png,true,,,
diableavionics_dra_pandemonium,diableavionics_pandemonium,DRA,DRA,graphics/DRA/ships/diableavionics_pandemonium.png,true,,,
diableavionics_twilightsworn_pandemonium,diableavionics_pandemonium,Twilightsworn,twilightsworn,graphics/twilightsworn/ships/diableavionics_pandemonium.png,true,,,
diableavionics_lilium_pandemonium,diableavionics_pandemonium,Lilium,lilium,graphics/lilium/ships/diableavionics_pandemonium.png,true,,,
diableavionics_navy_pandemonium,diableavionics_pandemonium,Navy,navy,graphics/navy/ships/diableavionics_pandemonium.png,true,,,
diableavionics_ornate_pandemonium,diableavionics_pandemonium,Ornate,ornate,graphics/ornate/ships/diableavionics_pandemonium.png,true,,,
diableavionics_rosenritter_pandemonium,diableavionics_pandemonium,Rosenritter,rosenritter,graphics/rosenritter/ships/diableavionics_pandemonium.png,true,,,
diableavionics_royalblue_pandemonium,diableavionics_pandemonium,Royal Blue,royalblue,graphics/royalblue/ships/diableavionics_pandemonium.png,true,,,
diableavionics_snowblast_pandemonium,diableavionics_pandemonium,Snowblast,snowblast,graphics/snowblast/ships/diableavionics_pandemonium.png,true,,,
diableavionics_stripeless_pandemonium,diableavionics_pandemonium,Stripeless,stripeless,graphics/stripeless/ships/diableavionics_pandemonium.png,true,,,
diableavionics_sunrise_pandemonium,diableavionics_pandemonium,Sunrise,sunrise,graphics/sunrise/ships/diableavionics_pandemonium.png,true,,,
diableavionics_dra_raven,diableavionics_raven,DRA,DRA,graphics/DRA/ships/raven/diableavionics_raven.png,true,,,
diableavionics_lilium_raven,diableavionics_raven,Lilium,lilium,graphics/lilium/ships/raven/diableavionics_raven.png,true,,,
diableavionics_ornate_raven,diableavionics_raven,Ornate,ornate,graphics/ornate/ships/raven/diableavionics_raven.png,true,,,
diableavionics_royalblue_raven,diableavionics_raven,Royal Blue,royalblue,graphics/royalblue/ships/raven/diableavionics_raven.png,true,,,
diableavionics_snowblast_raven,diableavionics_raven,Snowblast,snowblast,graphics/snowblast/ships/raven/diableavionics_raven.png,true,,,
diableavionics_sunrise_raven,diableavionics_raven,Sunrise,sunrise,graphics/sunrise/ships/raven/diableavionics_raven.png,true,,,
diableavionics_battlehardened_rime,diableavionics_rime,Battle Hardened,battlehardened,graphics/battlehardened/ships/diableavionics_rime.png,true,,,
diableavionics_battleworn_rime,diableavionics_rime,Battleworn,battleworn,graphics/battleworn/ships/diableavionics_rime.png,true,,,
diableavionics_dra_rime,diableavionics_rime,DRA,DRA,graphics/DRA/ships/diableavionics_rime.png,true,,,
diableavionics_twilightsworn_rime,diableavionics_rime,Twilightsworn,twilightsworn,graphics/twilightsworn/ships/diableavionics_rime.png,true,,,
diableavionics_lilium_rime,diableavionics_rime,Lilium,lilium,graphics/lilium/ships/diableavionics_rime.png,true,,,
diableavionics_navy_rime,diableavionics_rime,Navy,navy,graphics/navy/ships/diableavionics_rime.png,true,,,
diableavionics_ornate_rime,diableavionics_rime,Ornate,ornate,graphics/ornate/ships/diableavionics_rime.png,true,,,
diableavionics_rosenritter_rime,diableavionics_rime,Rosenritter,rosenritter,graphics/rosenritter/ships/diableavionics_rime.png,true,,,
diableavionics_royalblue_rime,diableavionics_rime,Royal Blue,royalblue,graphics/royalblue/ships/diableavionics_rime.png,true,,,
diableavionics_snowblast_rime,diableavionics_rime,Snowblast,snowblast,graphics/snowblast/ships/diableavionics_rime.png,true,,,
diableavionics_stripeless_rime,diableavionics_rime,Stripeless,stripeless,graphics/stripeless/ships/diableavionics_rime.png,true,,,
diableavionics_sunrise_rime,diableavionics_rime,Sunrise,sunrise,graphics/sunrise/ships/diableavionics_rime.png,true,,,
diableavionics_battlehardened_rime_m,diableavionics_rime_m,Battle Hardened,battlehardened,graphics/battlehardened/ships/diableavionics_rime_military.png,true,,,
diableavionics_battleworn_rime_m,diableavionics_rime_m,Battleworn,battleworn,graphics/battleworn/ships/diableavionics_rime_military.png,true,,,
diableavionics_dra_rime_m,diableavionics_rime_m,DRA,DRA,graphics/DRA/ships/diableavionics_rime_military.png,true,,,
diableavionics_twilightsworn_rime_m,diableavionics_rime_m,Twilightsworn,twilightsworn,graphics/twilightsworn/ships/diableavionics_rime_military.png,true,,,
diableavionics_lilium_rime_m,diableavionics_rime_m,Lilium,lilium,graphics/lilium/ships/diableavionics_rime_military.png,true,,,
diableavionics_navy_rime_m,diableavionics_rime_m,Navy,navy,graphics/navy/ships/diableavionics_rime_military.png,true,,,
diableavionics_ornate_rime_m,diableavionics_rime_m,Ornate,ornate,graphics/ornate/ships/diableavionics_rime_military.png,true,,,
diableavionics_rosenritter_rime_m,diableavionics_rime_m,Rosenritter,rosenritter,graphics/rosenritter/ships/diableavionics_rime_military.png,true,,,
diableavionics_royalblue_rime_m,diableavionics_rime_m,Royal Blue,royalblue,graphics/royalblue/ships/diableavionics_rime_military.png,true,,,
diableavionics_snowblast_rime_m,diableavionics_rime_m,Snowblast,snowblast,graphics/snowblast/ships/diableavionics_rime_military.png,true,,,
diableavionics_stripeless_rime_m,diableavionics_rime_m,Stripeless,stripeless,graphics/stripeless/ships/diableavionics_rime_military.png,true,,,
diableavionics_sunrise_rime_m,diableavionics_rime_m,Sunrise,sunrise,graphics/sunrise/ships/diableavionics_rime_military.png,true,,,
diableavionics_battlehardened_rime_p,diableavionics_rime_p,Battle Hardened,battlehardened,graphics/battlehardened/ships/diableavionics_rime_p.png,true,,,
diableavionics_battleworn_rime_p,diableavionics_rime_p,Battleworn,battleworn,graphics/battleworn/ships/diableavionics_rime_p.png,true,,,
diableavionics_dra_rime_p,diableavionics_rime_p,DRA,DRA,graphics/DRA/ships/diableavionics_rime_p.png,true,,,
diableavionics_twilightsworn_rime_p,diableavionics_rime_p,Twilightsworn,twilightsworn,graphics/twilightsworn/ships/diableavionics_rime_p.png,true,,,
diableavionics_lilium_rime_p,diableavionics_rime_p,Lilium,lilium,graphics/lilium/ships/diableavionics_rime_p.png,true,,,
diableavionics_navy_rime_p,diableavionics_rime_p,Navy,navy,graphics/navy/ships/diableavionics_rime_p.png,true,,,
diableavionics_ornate_rime_p,diableavionics_rime_p,Ornate,ornate,graphics/ornate/ships/diableavionics_rime_p.png,true,,,
diableavionics_rosenritter_rime_p,diableavionics_rime_p,Rosenritter,rosenritter,graphics/rosenritter/ships/diableavionics_rime_p.png,true,,,
diableavionics_royalblue_rime_p,diableavionics_rime_p,Royal Blue,royalblue,graphics/royalblue/ships/diableavionics_rime_p.png,true,,,
diableavionics_snowblast_rime_p,diableavionics_rime_p,Snowblast,snowblast,graphics/snowblast/ships/diableavionics_rime_p.png,true,,,
diableavionics_stripeless_rime_p,diableavionics_rime_p,Stripeless,stripeless,graphics/stripeless/ships/diableavionics_rime_p.png,true,,,
diableavionics_sunrise_rime_p,diableavionics_rime_p,Sunrise,sunrise,graphics/sunrise/ships/diableavionics_rime_p.png,true,,,
diableavionics_battlehardened_shear,diableavionics_shear,Battle Hardened,battlehardened,graphics/battlehardened/ships/diableavionics_shear.png,true,,,
diableavionics_battleworn_shear,diableavionics_shear,Battleworn,battleworn,graphics/battleworn/ships/diableavionics_shear.png,true,,,
diableavionics_dra_shear,diableavionics_shear,DRA,DRA,graphics/DRA/ships/diableavionics_shear.png,true,,,
diableavionics_twilightsworn_shear,diableavionics_shear,Twilightsworn,twilightsworn,graphics/twilightsworn/ships/diableavionics_shear.png,true,,,
diableavionics_lilium_shear,diableavionics_shear,Lilium,lilium,graphics/lilium/ships/diableavionics_shear.png,true,,,
diableavionics_navy_shear,diableavionics_shear,Navy,navy,graphics/navy/ships/diableavionics_shear.png,true,,,
diableavionics_ornate_shear,diableavionics_shear,Ornate,ornate,graphics/ornate/ships/diableavionics_shear.png,true,,,
diableavionics_rosenritter_shear,diableavionics_shear,Rosenritter,rosenritter,graphics/rosenritter/ships/diableavionics_shear.png,true,,,
diableavionics_royalblue_shear,diableavionics_shear,Royal Blue,royalblue,graphics/royalblue/ships/diableavionics_shear.png,true,,,
diableavionics_snowblast_shear,diableavionics_shear,Snowblast,snowblast,graphics/snowblast/ships/diableavionics_shear.png,true,,,
diableavionics_stripeless_shear,diableavionics_shear,Stripeless,stripeless,graphics/stripeless/ships/diableavionics_shear.png,true,,,
diableavionics_sunrise_shear,diableavionics_shear,Sunrise,sunrise,graphics/sunrise/ships/diableavionics_shear.png,true,,,
diableavionics_battlehardened_sleet,diableavionics_sleet,Battle Hardened,battlehardened,graphics/battlehardened/ships/diableavionics_sleet.png,true,,,
diableavionics_battleworn_sleet,diableavionics_sleet,Battleworn,battleworn,graphics/battleworn/ships/diableavionics_sleet.png,true,,,
diableavionics_dra_sleet,diableavionics_sleet,DRA,DRA,graphics/DRA/ships/diableavionics_sleet.png,true,,,
diableavionics_twilightsworn_sleet,diableavionics_sleet,Twilightsworn,twilightsworn,graphics/twilightsworn/ships/diableavionics_sleet.png,true,,,
diableavionics_lilium_sleet,diableavionics_sleet,Lilium,lilium,graphics/lilium/ships/diableavionics_sleet.png,true,,,
diableavionics_navy_sleet,diableavionics_sleet,Navy,navy,graphics/navy/ships/diableavionics_sleet.png,true,,,
diableavionics_ornate_sleet,diableavionics_sleet,Ornate,ornate,graphics/ornate/ships/diableavionics_sleet.png,true,,,
diableavionics_rosenritter_sleet,diableavionics_sleet,Rosenritter,rosenritter,graphics/rosenritter/ships/diableavionics_sleet.png,true,,,
diableavionics_royalblue_sleet,diableavionics_sleet,Royal Blue,royalblue,graphics/royalblue/ships/diableavionics_sleet.png,true,,,
diableavionics_snowblast_sleet,diableavionics_sleet,Snowblast,snowblast,graphics/snowblast/ships/diableavionics_sleet.png,true,,,
diableavionics_stripeless_sleet,diableavionics_sleet,Stripeless,stripeless,graphics/stripeless/ships/diableavionics_sleet.png,true,,,
diableavionics_sunrise_sleet,diableavionics_sleet,Sunrise,sunrise,graphics/sunrise/ships/diableavionics_sleet.png,true,,,
diableavionics_stripeless_station_tier1,diableavionics_station_tier1,Stripeless,stripeless,graphics/stripeless/ships/station/diableavionics_station_core.png,true,,,
diableavionics_stripeless_station_tier2,diableavionics_station_tier2,Stripeless,stripeless,graphics/stripeless/ships/station/diableavionics_station_core.png,true,,,
diableavionics_stripeless_station_tier3,diableavionics_station_tier3,Stripeless,stripeless,graphics/stripeless/ships/station/diableavionics_station_core.png,true,,,
diableavionics_battlehardened_storm,diableavionics_storm,Battle Hardened,battlehardened,graphics/battlehardened/ships/diableavionics_storm.png,true,,,
diableavionics_battleworn_storm,diableavionics_storm,Battleworn,battleworn,graphics/battleworn/ships/diableavionics_storm.png,true,,,
diableavionics_dra_storm,diableavionics_storm,DRA,DRA,graphics/DRA/ships/diableavionics_storm.png,true,,,
diableavionics_twilightsworn_storm,diableavionics_storm,Twilightsworn,twilightsworn,graphics/twilightsworn/ships/diableavionics_storm.png,true,,,
diableavionics_lilium_storm,diableavionics_storm,Lilium,lilium,graphics/lilium/ships/diableavionics_storm.png,true,,,
diableavionics_navy_storm,diableavionics_storm,Navy,navy,graphics/navy/ships/diableavionics_storm.png,true,,,
diableavionics_ornate_storm,diableavionics_storm,Ornate,ornate,graphics/ornate/ships/diableavionics_storm.png,true,,,
diableavionics_rosenritter_storm,diableavionics_storm,Rosenritter,rosenritter,graphics/rosenritter/ships/diableavionics_storm.png,true,,,
diableavionics_royalblue_storm,diableavionics_storm,Royal Blue,royalblue,graphics/royalblue/ships/diableavionics_storm.png,true,,,
diableavionics_snowblast_storm,diableavionics_storm,Snowblast,snowblast,graphics/snowblast/ships/diableavionics_storm.png,true,,,
diableavionics_stripeless_storm,diableavionics_storm,Stripeless,stripeless,graphics/stripeless/ships/diableavionics_storm.png,true,,,
diableavionics_sunrise_storm,diableavionics_storm,Sunrise,sunrise,graphics/sunrise/ships/diableavionics_storm.png,true,,,
diableavionics_battlehardened_stratus,diableavionics_stratus,Battle Hardened,battlehardened,graphics/battlehardened/ships/diableavionics_stratus.png,true,,,
diableavionics_battleworn_stratus,diableavionics_stratus,Battleworn,battleworn,graphics/battleworn/ships/diableavionics_stratus.png,true,,,
diableavionics_dra_stratus,diableavionics_stratus,DRA,DRA,graphics/DRA/ships/diableavionics_stratus.png,true,,,
diableavionics_twilightsworn_stratus,diableavionics_stratus,Twilightsworn,twilightsworn,graphics/twilightsworn/ships/diableavionics_stratus.png,true,,,
diableavionics_lilium_stratus,diableavionics_stratus,Lilium,lilium,graphics/lilium/ships/diableavionics_stratus.png,true,,,
diableavionics_navy_stratus,diableavionics_stratus,Navy,navy,graphics/navy/ships/diableavionics_stratus.png,true,,,
diableavionics_ornate_stratus,diableavionics_stratus,Ornate,ornate,graphics/ornate/ships/diableavionics_stratus.png,true,,,
diableavionics_rosenritter_stratus,diableavionics_stratus,Rosenritter,rosenritter,graphics/rosenritter/ships/diableavionics_stratus.png,true,,,
diableavionics_royalblue_stratus,diableavionics_stratus,Royal Blue,royalblue,graphics/royalblue/ships/diableavionics_stratus.png,true,,,
diableavionics_snowblast_stratus,diableavionics_stratus,Snowblast,snowblast,graphics/snowblast/ships/diableavionics_stratus.png,true,,,
diableavionics_stripeless_stratus,diableavionics_stratus,Stripeless,stripeless,graphics/stripeless/ships/diableavionics_stratus.png,true,,,
diableavionics_sunrise_stratus,diableavionics_stratus,Sunrise,sunrise,graphics/sunrise/ships/diableavionics_stratus.png,true,,,
diableavionics_battlehardened_stratus_p,diableavionics_stratus_p,Battle Hardened,battlehardened,graphics/battlehardened/ships/diableavionics_stratus_p.png,true,,,
diableavionics_battleworn_stratus_p,diableavionics_stratus_p,Battleworn,battleworn,graphics/battleworn/ships/diableavionics_stratus_p.png,true,,,
diableavionics_dra_stratus_p,diableavionics_stratus_p,DRA,DRA,graphics/DRA/ships/diableavionics_stratus_p.png,true,,,
diableavionics_twilightsworn_stratus_p,diableavionics_stratus_p,Twilightsworn,twilightsworn,graphics/twilightsworn/ships/diableavionics_stratus_p.png,true,,,
diableavionics_lilium_stratus_p,diableavionics_stratus_p,Lilium,lilium,graphics/lilium/ships/diableavionics_stratus_p.png,true,,,
diableavionics_navy_stratus_p,diableavionics_stratus_p,Navy,navy,graphics/navy/ships/diableavionics_stratus_p.png,true,,,
diableavionics_ornate_stratus_p,diableavionics_stratus_p,Ornate,ornate,graphics/ornate/ships/diableavionics_stratus_p.png,true,,,
diableavionics_rosenritter_stratus_p,diableavionics_stratus_p,Rosenritter,rosenritter,graphics/rosenritter/ships/diableavionics_stratus_p.png,true,,,
diableavionics_royalblue_stratus_p,diableavionics_stratus_p,Royal Blue,royalblue,graphics/royalblue/ships/diableavionics_stratus_p.png,true,,,
diableavionics_snowblast_stratus_p,diableavionics_stratus_p,Snowblast,snowblast,graphics/snowblast/ships/diableavionics_stratus_p.png,true,,,
diableavionics_stripeless_stratus_p,diableavionics_stratus_p,Stripeless,stripeless,graphics/stripeless/ships/diableavionics_stratus_p.png,true,,,
diableavionics_sunrise_stratus_p,diableavionics_stratus_p,Sunrise,sunrise,graphics/sunrise/ships/diableavionics_stratus_p.png,true,,,
diableavionics_dra_strife,diableavionics_strife,DRA,DRA,graphics/DRA/ships/strife/diableavionics_strifeHips.png,true,,,
diableavionics_lilium_strife,diableavionics_strife,Lilium,lilium,graphics/lilium/ships/strife/diableavionics_strifeHips.png,true,,,
diableavionics_ornate_strife,diableavionics_strife,Ornate,ornate,graphics/ornate/ships/strife/diableavionics_strifeHips.png,true,,,
diableavionics_royalblue_strife,diableavionics_strife,Royal Blue,royalblue,graphics/royalblue/ships/strife/diableavionics_strifeHips.png,true,,,
diableavionics_snowblast_strife,diableavionics_strife,Snowblast,snowblast,graphics/snowblast/ships/strife/diableavionics_strifeHips.png,true,,,
diableavionics_sunrise_strife,diableavionics_strife,Sunrise,sunrise,graphics/sunrise/ships/strife/diableavionics_strifeHips.png,true,,,
diableavionics_dra_valiant,diableavionics_valiant,DRA,DRA,graphics/DRA/ships/valiant/diableavionics_valiant.png,true,,,
diableavionics_lilium_valiant,diableavionics_valiant,Lilium,lilium,graphics/lilium/ships/valiant/diableavionics_valiant.png,true,,,
diableavionics_ornate_valiant,diableavionics_valiant,Ornate,ornate,graphics/ornate/ships/valiant/diableavionics_valiant.png,true,,,
diableavionics_royalblue_valiant,diableavionics_valiant,Royal Blue,royalblue,graphics/royalblue/ships/valiant/diableavionics_valiant.png,true,,,
diableavionics_snowblast_valiant,diableavionics_valiant,Snowblast,snowblast,graphics/snowblast/ships/valiant/diableavionics_valiant.png,true,,,
diableavionics_sunrise_valiant,diableavionics_valiant,Sunrise,sunrise,graphics/sunrise/ships/valiant/diableavionics_valiant.png,true,,,
diableavionics_dra_valiantTrainer,diableavionics_valiantTrainer,DRA,DRA,graphics/DRA/ships/valiant/diableavionics_valiant.png,true,,,
diableavionics_lilium_valiantTrainer,diableavionics_valiantTrainer,Lilium,lilium,graphics/lilium/ships/valiant/diableavionics_valiant.png,true,,,
diableavionics_ornate_valiantTrainer,diableavionics_valiantTrainer,Ornate,ornate,graphics/ornate/ships/valiant/diableavionics_valiant.png,true,,,
diableavionics_royalblue_valiantTrainer,diableavionics_valiantTrainer,Royal Blue,royalblue,graphics/royalblue/ships/valiant/diableavionics_valiant.png,true,,,
diableavionics_snowblast_valiantTrainer,diableavionics_valiantTrainer,Snowblast,snowblast,graphics/snowblast/ships/valiant/diableavionics_valiant.png,true,,,
diableavionics_sunrise_valiantTrainer,diableavionics_valiantTrainer,Sunrise,sunrise,graphics/sunrise/ships/valiant/diableavionics_valiant.png,true,,,
diableavionics_battlehardened_vapor,diableavionics_vapor,Battle Hardened,battlehardened,graphics/battlehardened/ships/diableavionics_vapor.png,true,,,
diableavionics_battleworn_vapor,diableavionics_vapor,Battleworn,battleworn,graphics/battleworn/ships/diableavionics_vapor.png,true,,,
diableavionics_dra_vapor,diableavionics_vapor,DRA,DRA,graphics/DRA/ships/diableavionics_vapor.png,true,,,
diableavionics_twilightsworn_vapor,diableavionics_vapor,Twilightsworn,twilightsworn,graphics/twilightsworn/ships/diableavionics_vapor.png,true,,,
diableavionics_lilium_vapor,diableavionics_vapor,Lilium,lilium,graphics/lilium/ships/diableavionics_vapor.png,true,,,
diableavionics_navy_vapor,diableavionics_vapor,Navy,navy,graphics/navy/ships/diableavionics_vapor.png,true,,,
diableavionics_ornate_vapor,diableavionics_vapor,Ornate,ornate,graphics/ornate/ships/diableavionics_vapor.png,true,,,
diableavionics_rosenritter_vapor,diableavionics_vapor,Rosenritter,rosenritter,graphics/rosenritter/ships/diableavionics_vapor.png,true,,,
diableavionics_royalblue_vapor,diableavionics_vapor,Royal Blue,royalblue,graphics/royalblue/ships/diableavionics_vapor.png,true,,,
diableavionics_snowblast_vapor,diableavionics_vapor,Snowblast,snowblast,graphics/snowblast/ships/diableavionics_vapor.png,true,,,
diableavionics_stripeless_vapor,diableavionics_vapor,Stripeless,stripeless,graphics/stripeless/ships/diableavionics_vapor.png,true,,,
diableavionics_sunrise_vapor,diableavionics_vapor,Sunrise,sunrise,graphics/sunrise/ships/diableavionics_vapor.png,true,,,
diableavionics_battlehardened_versant,diableavionics_versant,Battle Hardened,battlehardened,graphics/battlehardened/ships/versant/diableavionics_versant_body.png,true,,,
diableavionics_battleworn_versant,diableavionics_versant,Battleworn,battleworn,graphics/battleworn/ships/versant/diableavionics_versant_body.png,true,,,
diableavionics_dra_versant,diableavionics_versant,DRA,DRA,graphics/DRA/ships/versant/diableavionics_versant_body.png,true,,,
diableavionics_twilightsworn_versant,diableavionics_versant,Twilightsworn,twilightsworn,graphics/twilightsworn/ships/versant/diableavionics_versant_body.png,true,,,
diableavionics_lilium_versant,diableavionics_versant,Lilium,lilium,graphics/lilium/ships/versant/diableavionics_versant_body.png,true,,,
diableavionics_navy_versant,diableavionics_versant,Navy,navy,graphics/navy/ships/versant/diableavionics_versant_body.png,true,,,
diableavionics_ornate_versant,diableavionics_versant,Ornate,ornate,graphics/ornate/ships/versant/diableavionics_versant_body.png,true,,,
diableavionics_rosenritter_versant,diableavionics_versant,Rosenritter,rosenritter,graphics/rosenritter/ships/versant/diableavionics_versant_body.png,true,,,
diableavionics_royalblue_versant,diableavionics_versant,Royal Blue,royalblue,graphics/royalblue/ships/versant/diableavionics_versant_body.png,true,,,
diableavionics_snowblast_versant,diableavionics_versant,Snowblast,snowblast,graphics/snowblast/ships/versant/diableavionics_versant_body.png,true,,,
diableavionics_stripeless_versant,diableavionics_versant,Stripeless,stripeless,graphics/stripeless/ships/versant/diableavionics_versant_body.png,true,,,
diableavionics_sunrise_versant,diableavionics_versant,Sunrise,sunrise,graphics/sunrise/ships/versant/diableavionics_versant_body.png,true,,,
diableavionics_dra_vortex,diableavionics_vortex,DRA,DRA,graphics/DRA/ships/diableavionics_vortex.png,true,,,
diableavionics_ornate_vortex,diableavionics_vortex,Ornate,ornate,graphics/ornate/ships/diableavionics_vortex.png,true,,,
diableavionics_royalblue_vortex,diableavionics_vortex,Royal Blue,royalblue,graphics/royalblue/ships/diableavionics_vortex.png,true,,,
diableavionics_dra_warlust,diableavionics_warlust,DRA,DRA,graphics/DRA/ships/warlust/diableavionics_warlust_body.png,true,,,
diableavionics_lilium_warlust,diableavionics_warlust,Lilium,lilium,graphics/lilium/ships/warlust/diableavionics_warlust_body.png,true,,,
diableavionics_ornate_warlust,diableavionics_warlust,Ornate,ornate,graphics/ornate/ships/warlust/diableavionics_warlust_body.png,true,,,
diableavionics_royalblue_warlust,diableavionics_warlust,Royal Blue,royalblue,graphics/royalblue/ships/warlust/diableavionics_warlust_body.png,true,,,
diableavionics_snowblast_warlust,diableavionics_warlust,Snowblast,snowblast,graphics/snowblast/ships/warlust/diableavionics_warlust_body.png,true,,,
diableavionics_sunrise_warlust,diableavionics_warlust,Sunrise,sunrise,graphics/sunrise/ships/warlust/diableavionics_warlust_body.png,true,,,
diableavionics_dra_warlust_drone,diableavionics_warlust_drone,DRA,DRA,graphics/DRA/ships/warlust/diableavionics_warlust_drone.png,true,,,
diableavionics_lilium_warlust_drone,diableavionics_warlust_drone,Lilium,lilium,graphics/lilium/ships/warlust/diableavionics_warlust_drone.png,true,,,
diableavionics_ornate_warlust_drone,diableavionics_warlust_drone,Ornate,ornate,graphics/ornate/ships/warlust/diableavionics_warlust_drone.png,true,,,
diableavionics_royalblue_warlust_drone,diableavionics_warlust_drone,Royal Blue,royalblue,graphics/royalblue/ships/warlust/diableavionics_warlust_drone.png,true,,,
diableavionics_snowblast_warlust_drone,diableavionics_warlust_drone,Snowblast,snowblast,graphics/snowblast/ships/warlust/diableavionics_warlust_drone.png,true,,,
diableavionics_sunrise_warlust_drone,diableavionics_warlust_drone,Sunrise,sunrise,graphics/sunrise/ships/warlust/diableavionics_warlust_drone.png,true,,,
diableavionics_dra_zephyr,diableavionics_zephyr,DRA,DRA,graphics/DRA/ships/zephyr/diableavionics_zephyr_body.png,true,,,
diableavionics_lilium_zephyr,diableavionics_zephyr,Lilium,lilium,graphics/lilium/ships/zephyr/diableavionics_zephyr_body.png,true,,,
diableavionics_ornate_zephyr,diableavionics_zephyr,Ornate,ornate,graphics/ornate/ships/zephyr/diableavionics_zephyr_body.png,true,,,
diableavionics_royalblue_zephyr,diableavionics_zephyr,Royal Blue,royalblue,graphics/royalblue/ships/zephyr/diableavionics_zephyr_body.png,true,,,
diableavionics_snowblast_zephyr,diableavionics_zephyr,Snowblast,snowblast,graphics/snowblast/ships/zephyr/diableavionics_zephyr_body.png,true,,,
diableavionics_sunrise_zephyr,diableavionics_zephyr,Sunrise,sunrise,graphics/sunrise/ships/zephyr/diableavionics_zephyr_body.png,true,,,
